Date,Water Level (m),Temperature (°C),Rainfall (mm),pH Level,Dissolved Oxygen (mg/L)
2023-01-01,1.78727005942368,1.94519558666751,40.21328989654964,7.00840599764729,7.54337454562011
2023-01-02,2.07535715320496,7.52354846909197,73.72873601156911,7.76023601903587,8.08717785176378
2023-01-03,1.9659969709057,6.98190122697382,65.25986103481,6.83557346251147,9.21825500025602
2023-01-04,1.89932924209852,0.09917400745618,59.15327123845597,7.35375766390368,7.80986793494754
2023-01-05,1.67800932022122,-1.1271953815109,50.94152420617512,6.9227470834921,8.70980089708286
2023-01-06,1.6779972601681,-0.82245338663896,75.86002704065541,7.50551506339258,7.98635623075896
2023-01-07,1.6290418060841,-1.62324829117997,50.62225537113177,6.67013575893386,7.5273929506952
2023-01-08,2.03308807288747,-0.88390328066749,69.82997197357886,7.76076735860211,8.04511529417496
2023-01-09,1.9005575058716,4.82516570213866,50.95674542851092,7.08992640379873,9.70547468609672
2023-01-10,1.95403628889802,-1.10947010993578,51.84722147124538,6.8068656023504,9.31147387285556
2023-01-11,1.6102922471479,1.29406361384948,56.13398928348032,6.59554577152902,9.66864321616554
2023-01-12,2.084954926081,6.39529051640371,46.06889370820711,6.7206852766138,8.60255013927358
2023-01-13,2.01622132040021,-1.57426222336249,67.38046900881255,7.17570613312282,7.74800380901116
2023-01-14,1.70616955533914,6.10034428111268,57.13601950462396,6.93810412936067,8.73838844508054
2023-01-15,1.69091248360355,0.93399131530198,44.61063475734086,7.57754837564739,8.52689277610551
2023-01-16,1.69170225492672,-0.65380117206993,73.97872866372842,7.06015378076035,9.40824700699153
2023-01-17,1.75212112147977,4.95835050403226,50.19456106866057,6.82332855436392,7.72166663257239
2023-01-18,1.86237821581612,4.30074561376488,59.17764305569943,7.30228848258524,8.60342496966922
2023-01-19,1.81597250932106,6.71147853121242,76.32360554822735,7.41881038195108,7.8391099822084
2023-01-20,1.74561457009902,5.33018912489769,63.21189979569961,6.71715448027124,8.23376759477154
2023-01-21,1.90592644736119,5.99376502473303,37.8449020354182,6.71790498117481,9.16642699489643
2023-01-22,1.66974693032602,0.93573535394167,79.99160618067376,6.54767285501361,8.57580097237341
2023-01-23,1.74607232426761,-0.07883642533669,62.38540265357089,7.45732261958533,8.34950752442944
2023-01-24,70.0,5.48096309091633,47.7452807328543,7.36294588590835,8.39151638956828
2023-01-25,1.82803499210852,6.02629697089246,35.96360363316936,7.11702013847476,8.53834969659753
2023-01-26,1.99258798069651,7.80789987740653,68.7012594635148,7.59742158365996,9.27413738907175
2023-01-27,1.69983689107918,2.20239146604084,64.00363779642568,7.54737119883507,9.51611139700493
2023-01-28,1.85711721920681,1.80857543219,59.67305459881608,7.26096067371578,9.65905639149888
2023-01-29,1.89620728443102,5.73120571919737,74.69462915254789,7.62875266466724,9.27840165293697
2023-01-30,1.62322520636,1.50579434045427,68.42986056122655,6.7675935730478,8.21281958439051
2023-01-31,40.0,7.22834605835458,39.58374398663756,4.309141643530439,9.05518443575558
2023-02-01,1.68526206184365,6.52660369287722,46.58610338977741,6.85067449497209,8.48898306036519
2023-02-02,1.63252579649264,2.36124206553768,45.42445699072329,6.57421291291611,8.07555560582408
2023-02-03,2.07444276862667,5.48344935757752,68.19731462863385,7.19052038640134,9.40036976950259
2023-02-04,2.08281601653728,5.51906587862142,32.67662173678896,7.71758739998345,7.58684354865486
2023-02-05,2.00419867405823,-0.79969847229145,58.49448424356582,6.55114660286906,9.53798210222606
2023-02-06,1.75230688458669,6.9547631947918,67.12293428703452,6.65874288821304,8.5429390700519
2023-02-07,1.64883605700319,3.10094801274422,76.83828183808748,7.08785873676846,8.94007533758671
2023-02-08,1.94211651325608,6.2166374212451,48.10408743579538,7.71403752278628,8.99013986418507
2023-02-09,1.8200762468698,59.25174000559948,74.06286523360063,6.91100293646978,9.52296609399677
2023-02-10,1.66101911742239,6.88657531641315,37.53158684776036,7.15940525129491,8.93887348169789
2023-02-11,1.84758845505564,1.97525628372138,72.3226145867259,6.55404471676551,8.88748990155774
2023-02-12,1.61719426055761,-1.69487478064111,38.37443311659912,6.69284616125072,7.65063361166716
2023-02-13,2.05466020103939,6.98220517126686,52.86436452801836,7.7826191598465,8.67160212959616
2023-02-14,1.72938999080001,-0.9145192351745,72.86476828897767,7.75465430536686,7.83938194184651
2023-02-15,1.93126114217699,1.29734228462702,36.49587136743869,6.50642197521473,9.16660031731056
2023-02-16,1.75585553804471,7.41560108039281,42.46256976163207,7.73735532105021,8.65762154103664
2023-02-17,1.86003401058891,7.4208893252943,67.1126284196533,7.33085591916015,9.03731478101088
2023-02-18,1.87335513967164,3.76234751479588,68.00182682730372,7.62829378287603,7.59418075536139
2023-02-19,1.69242722776276,4.32882095804705,62.05738164426486,7.09116181232402,7.69162995626352
2023-02-20,2.08479231388228,2.5499215631897,65.697422223355,7.17027483715302,9.11889085702166
2023-02-21,1.98756641168056,1.04414448547123,56.13622216737981,7.135500554334,7.662910599357
2023-02-22,2.06974947078209,1.38804609008819,44.58995294534764,7.36692353480994,7.66104020474948
2023-02-23,2.04741367521382,4.72342902394727,49.28479967519597,6.68154663118321,7.52736515403084
2023-02-24,1.89894998940554,5.4980329355455,38.07988584007128,12.79303821422563,9.66169316015682
2023-02-25,2.06093711751156,5.87831672414073,75.42252806668142,6.90030892406855,9.16676889237736
2023-02-26,1.64424625102596,5.85929598510717,58.16958973830603,7.41608499155764,8.29834818321466
2023-02-27,1.69799143120957,59.110899434082114,50.04257083818199,6.76240948775983,8.1701704137101
2023-02-28,1.62261364445527,2.99587695561504,52.10029018220663,7.37546216332239,8.29032929922562
2023-03-01,1.76266516538163,-1.24168002783855,76.36416698059077,7.76088565993945,9.25071698046947
2023-03-02,1.79433864484474,3.53043015854024,40.667570155804,6.62207093052624,8.99469758101914
2023-03-03,1.73567451588695,2.48284586332176,61.31149160083986,7.37438275369266,7.91854198338048
2023-03-04,2.01436875457596,6.81073057275551,54.2944339442233,7.07687528509594,7.89348709785503
2023-03-05,1.77837666334679,1.60387562175516,59.57271177173239,7.62858493069076,7.72237416835228
2023-03-06,1.74046725484369,-0.66444994065222,31.90550919104203,6.7302947262816,8.99228414652502
2023-03-07,1.87134804157912,-0.41298068408749,75.60619544720757,7.40041373789401,9.22748221662112
2023-03-08,1.67046211248738,5.58665312765948,77.60591412418063,7.58954987654254,8.09900492801451
2023-03-09,2.00109849037702,4.19671521416773,60.25665917946044,7.72799848531623,7.54733561192986
2023-03-10,1.63727532183989,-0.81911004160893,65.8325411938446,7.38822243677654,7.68570796849672
2023-03-11,2.09344346830026,-0.98416398068452,75.12496905886479,7.14632719321096,9.68736367874977
2023-03-12,1.98612238464833,4.99940057515346,64.36193171566993,7.30320141226158,8.16770519709897
2023-03-13,1.69935784076709,-1.09419883826732,40.62695214571307,7.62957647982233,9.23844431411418
2023-03-14,1.6027610585618,6.17204257511646,59.81441800834065,7.24179267063048,8.91173966561064
2023-03-15,2.00773071422742,5.05054960341801,60.3357523191428,6.53950317760589,8.36318358561554
2023-03-16,1.95342867192381,-1.01091682777357,54.2065335651193,7.71023330415907,7.96485321256196
2023-03-17,1.96450358402049,7.15270788535335,67.82221178123615,7.39638477634103,7.77433330504026
2023-03-18,1.98563517334297,8.77595124130212,77.71835073845074,7.37946740151042,8.88992930776784
2023-03-19,1.63702232586705,7.67368743236102,79.27842564533881,6.78037769811703,9.2506723442414
2023-03-20,-20.0,7.6671558647204,51.54196857020661,7.35655111130245,8.95522361300296
2023-03-21,1.65793452976256,8.4630392210635,36.66190229203778,7.01202372735041,8.6984828211431
2023-03-22,2.0315517129378,8.70504743929095,78.24205994811672,7.34660287015394,7.5948097649555
2023-03-23,1.91164906341378,8.77480191488117,74.94490432229671,6.63857093940039,9.68878463736331
2023-03-24,1.76544901242632,8.3560807334661,35.23313406016334,7.35519889598395,9.30509407313934
2023-03-25,1.63177917514301,7.67726725395565,78.04209413086862,7.79923784350187,8.16177780294418
2023-03-26,1.75549116085783,7.1503012900576,73.49481810310641,6.56267565051872,9.714732944351
2023-03-27,1.76259166101337,8.39886444866939,56.94190285630361,4.9619492831027685,8.86025239257809
2023-03-28,1.96480308916903,8.00512764952445,59.56377178724647,7.02898034893973,8.81627520754838
2023-03-29,1.91877873567761,7.76359961664456,48.95013519350651,7.63197948543844,9.19064538551074
2023-03-30,2.04360637128816,8.63143789317053,33.73808194110157,7.51710112927576,9.33459972108371
2023-03-31,1.83610746258097,7.20015546815107,45.75986208229504,7.23712113928267,8.9836416525692
2023-04-01,1.65979712296915,7.88672518772355,72.14267242990057,7.45998397202672,7.78949638678761
2023-04-02,1.9566223936115,7.02043656058135,33.23160115023014,7.64207022969175,8.26448456354756
2023-04-03,1.98039252430845,7.84358915558943,47.67495858455721,7.02538241814634,9.59746902713687
2023-04-04,1.88063859878475,7.10134589622731,51.90843467954717,6.92514311003221,8.00763128276711
2023-04-05,1.98548358997728,7.21387224928253,58.86978014689615,7.36787140123266,8.34109747387278
2023-04-06,1.8468977981822,9.99897309760539,76.99278082063802,7.55019972452364,8.47649375545388
2023-04-07,1.861366414691,14.51828756798654,46.31729971829806,7.4909706752096,8.49305527670946
2023-04-08,1.81377050917928,15.3413814737561,49.34766009481139,7.53715774351622,8.88524345643763
2023-04-09,1.61270956337205,13.95863450332586,66.87506240548743,4.574395588420572,9.63135139330304
2023-04-10,1.65394571349665,17.17846666203361,54.61089704449036,7.56318448102753,8.04396552874146
2023-04-11,1.61571459284337,12.18639992595148,40.2302411469991,6.65627177198179,7.77459311044008
2023-04-12,1.91820520563189,11.42855273339582,51.62197580663467,7.2078358273491,7.94628330708346
2023-04-13,1.75717799053816,16.38309258961041,37.04285101898999,6.50748625864756,9.50445027447295
2023-04-14,1.85428534558235,10.90056462741535,40.81934932531118,6.92196157887035,8.95953243660076
2023-04-15,2.05378323696305,17.1873915852452,53.91838863697399,6.97639999533282,8.1461493436805
2023-04-16,1.72464611457444,57.36140902081491,51.9462724752274,7.01502449909203,9.34404008206908
2023-04-17,1.80519146151782,17.24397002701493,78.742295053405,7.40410736869682,9.44669619178136
2023-04-18,1.97777556927152,9.3668592515799,51.11969495583165,7.00512553165145,9.41312240544003
2023-04-19,1.71439908274581,16.5747164664336,62.02941751390217,7.08330170940929,9.57677396602539
2023-04-20,1.6384899549144,13.48545942723355,63.61321439597651,6.80880737013663,8.0700647055918
2023-04-21,1.74487572645688,17.44020076701406,30.65472282941668,6.98522732911814,9.20639475896659
2023-04-22,1.680610643627,9.62727080025089,62.17686860083553,6.7954505154421,8.54081926383956
2023-04-23,2.06484882617129,13.70776141741123,39.90179834348757,6.59515470089898,9.40291672953154
2023-04-24,2.00406018978221,17.23907155276234,79.05351587347275,7.28448317139579,9.14638893038525
2023-04-25,1.91670187825521,13.44633167544626,39.43313638765565,7.36867663812152,9.25477122908938
2023-04-26,2.03573029509386,14.34988842414973,53.73120618635119,7.3053374498125,8.98292575315922
2023-04-27,2.00183603844956,14.91386385636925,36.26748340393219,7.10254225694074,7.90098901900154
2023-04-28,1.69328502944302,12.86359905052607,79.84371259229736,6.993721514233,8.73176083670708
2023-04-29,2.04627949924499,14.33424368071454,55.10975051656213,7.62233374444337,9.72535361132539
2023-04-30,1.86967112095783,13.96667165134635,58.76925086600218,7.17480632067708,9.61849703028349
2023-05-01,2.00372007758203,16.65984308917341,78.69535341718992,7.12293644091865,7.59757264290125
2023-05-02,2.04804564996175,9.38629423290239,127.49723292794243,6.53333468554837,7.87248148354853
2023-05-03,1.75900173748593,11.38818711153396,89.693391516691,6.943622175914,7.79770702800731
2023-05-04,1.65502596226384,17.07849761465075,137.86380026084996,6.99425430442161,9.14071459656677
2023-05-05,1.71396758127097,16.56724216307279,91.3597748337405,7.01846961516597,9.3481948454767
2023-05-06,1.81355389431313,12.87308239867856,88.34814044645665,7.25422407999553,7.98253568786212
2023-05-07,2.00900738296125,14.27112708131306,78.55847674936665,7.19368331074494,8.64322708607113
2023-05-08,2.03036529162817,11.35774005533963,111.04468615769994,7.29027662063148,9.39998884330531
2023-05-09,1.6034760652656,10.59902985765197,114.53887932838315,7.49434824000477,9.15613149117173
2023-05-10,1.85537365128878,12.94143644198985,82.59960475998467,7.55688146033092,8.72545608441158
2023-05-11,1.80870550157439,12.00349393822145,131.28693316865073,7.43355999909444,8.83418578043683
2023-05-12,1.71105390523537,13.96107695073241,109.73021843236194,7.74218080474142,8.64889483603079
2023-05-13,1.65993268366684,9.66074441420237,113.7073188529306,6.52370235747927,8.17245949998054
2023-05-14,1.76880758570181,17.28235586516242,106.85339228567597,6.75451138138861,8.77694970386138
2023-05-15,2.92578261508628,17.38279132807662,105.05341426127282,6.50983173747158,9.0568807826332
2023-05-16,2.12016381162698,14.93437456916783,4663.047191803423,7.34171712840098,9.47370978984543
2023-05-17,2.37442780826638,13.55681911392502,84.86681721514988,7.66743971363498,8.9380184599931
2023-05-18,2.61392464656373,11.63098473843378,87.73496913466899,6.81652698554919,9.22013467371754
2023-05-19,2.17271848309308,15.91725766750906,135.3249934709462,7.7051449082352,7.86176189499734
2023-05-20,8.0,14.82021496670798,119.22808234935428,6.57834760737643,8.54311989218872
2023-05-21,2.95118148342474,10.38224398443158,102.13165213958273,7.71476683484717,7.52108946080923
2023-05-22,2.02731698457297,16.74288106819766,93.95212712004879,13.339410238035084,8.05749423381887
2023-05-23,2.3464230576601,15.99156656484694,119.0799680267311,6.63184707698398,9.14180347615539
2023-05-24,2.0911418027618,58.28676741085064,103.61139197686674,7.13163328694222,9.74149049004956
2023-05-25,2.07029264269071,15.16861582130106,75.77704489622414,6.83380953803666,7.72414250506711
2023-05-26,1.74795303156089,14.21402916545422,86.93068181563332,6.8703347725505,8.40737715384651
2023-05-27,2.49243363417387,12.55506580847026,128.11805601931783,6.89947695440417,9.3081603892601
2023-05-28,2.35348273019752,16.92819210850911,122.1246759337106,7.54393366718246,7.96112053426131
2023-05-29,1.76692237662499,16.36154306075347,77.89671947524384,7.20090965967783,8.75449198542317
2023-05-30,2.0622404035076,9.38435869590261,92.53805133530646,6.9047000089028,9.15674112902706
2023-05-31,2.88074565175665,17.14501835973489,127.86448779528428,7.29343391830419,8.892127117588
2023-06-01,2.01143045786706,19.07054851782927,154.31356461592367,7.43099587649015,7.92493590023084
2023-06-02,1.88836333371859,21.45804331930008,138.18263226526184,6.85441120095359,8.30316912522977
2023-06-03,2.33628858836083,22.43001871123219,117.24651491907441,7.03761383198296,9.271369432937
2023-06-04,2.98134559034378,17.8272929010694,159.99496512239136,6.65845192133803,8.75255192193836
2023-06-05,2.01467185296495,20.26771893443674,125.71267972326,6.73549415439508,7.51181892660698
2023-06-06,2.57377621162764,19.09489971147062,152.16476647111247,7.38545321015448,9.21983911766349
2023-06-07,2.69010549992733,22.33452918798032,125.2909668628036,6.73586985200432,7.57980366216494
2023-06-08,2.00892880719012,21.6316540772464,120.9664835655607,7.18271239876718,9.18535834897258
2023-06-09,2.64668125319542,21.61080787591126,125.59033145996725,7.42176014023916,7.95760606597344
2023-06-10,2.17811807253503,19.57781237887234,154.33601591133956,6.63894000002317,9.6652460650698
2023-06-11,2.52199757977165,19.28150726285716,164.3417880863771,7.23750588551758,8.33154609794271
2023-06-12,2.52358862398916,18.50373889561888,161.81319187401948,6.83353161881177,8.23886545292406
2023-06-13,2.39650708929719,17.3100652315801,137.83101177710728,7.75180493780885,7.83648699375132
2023-06-14,1.81737670107073,21.75597306940279,152.0851081942388,7.1286093407359,8.19066552700788
2023-06-15,2.78589324426601,21.47095555021543,125.29905772494926,7.5477903147077,9.48123072173173
2023-06-16,2.11701408446326,22.49844720307372,4848.425379090525,7.21529450480314,9.75171560303758
2023-06-17,1.94247406351981,22.48150260390648,166.78014911126715,6.55643629271126,8.33237953894548
2023-06-18,1.75300768402119,20.05487438081445,138.78011541064416,7.32309678827223,8.51386002595727
2023-06-19,2.46816082614471,21.22943078349281,117.1305118512681,7.73682434486865,9.13188032033818
2023-06-20,2.58083367039497,22.19621151435336,124.47317530876165,7.28209536619023,9.50280246385107
2023-06-21,1.72156417760621,21.67306064872576,135.59193223242917,7.56494551725483,8.84028019526213
2023-06-22,2.36572097578906,18.36041455958758,121.88612610538785,7.64946840235293,8.3848480778819
2023-06-23,1.99444450775732,19.47799274420552,145.98249365818154,6.79650370353361,8.43252536031789
2023-06-24,2.53872462753228,17.71037678333322,138.28547303554987,6.7756582918807,9.07209701108278
2023-06-25,1.92667635770649,22.24728064992298,165.5603026646185,7.29427528550629,7.50727327574567
2023-06-26,2.59821905953321,20.33396048947984,162.04661370430645,7.03433701074872,8.90027190265924
2023-06-27,2.2027559501907,18.25753543026904,135.50904110187255,7.59181969372674,8.30341420359747
2023-06-28,2.91774898535776,20.69435376423221,126.56540600587753,7.67003006041741,9.29488596868621
2023-06-29,1.87877722738979,20.39970532251843,135.78154449003603,6.95944779309353,7.71015884600028
2023-06-30,2.14338625636534,18.96989494918062,212.02949425148077,6.80793172666683,8.82933712330336
2023-07-01,1.84751557761277,17.62456675709796,181.8063640822876,7.51468316981702,8.58699873114264
2023-07-02,2.90210170376213,20.6936525757604,216.4148907849134,6.85724784621258,8.95165568854581
2023-07-03,2.84054115939528,19.86169235497086,192.94116521912403,7.56939861406778,7.64656912353151
2023-07-04,2.0353241160297,21.24775115454602,209.204718085198,7.05085972974339,8.81076335958758
2023-07-05,2.55797925984443,19.86089925611596,194.6126529135317,7.36781486907891,8.76895516878852
2023-07-06,2.76238886026158,21.68699825175197,182.44657595419176,6.62419590798507,8.76709181338055
2023-07-07,2.4217610550793,20.03548761325967,249.84533069621568,7.31101712207954,8.86388212650799
2023-07-08,2.38854575186281,20.08515884344462,231.36057941597608,7.0872979823584,9.02881753813158
2023-07-09,2.01440797817059,21.8215948146209,166.01131757664524,7.26259100212812,9.31927513927854
2023-07-10,1.82103359814767,19.21915576416818,240.8467975897913,6.71841847006832,8.10979482748976
2023-07-11,2.86638048533932,17.73708375647852,200.74311982495135,7.45793586842744,9.36461166700694
2023-07-12,2.87054347431233,17.15830471972336,242.45522268940917,7.6216362008062,8.6260578419154
2023-07-13,2.52303189445525,21.1532549062049,231.98552559473157,6.78176174011801,7.67415171084359
2023-07-14,2.14073872836331,20.41170253244406,197.52135044692335,6.62442892217621,7.63232510009139
2023-07-15,2.15397244699646,20.87243872454573,157.24693083201177,6.53073016186024,8.2553786002531
2023-07-16,2.64374238253131,18.17130288829901,177.8677359384946,7.33456295057624,9.27386716827192
2023-07-17,2.86624333793835,17.75004311572724,205.16342146608667,7.28922224691542,9.09935891251447
2023-07-18,2.85321235154465,17.07999566117335,216.34782198261473,7.21070663652829,9.28226982015964
2023-07-19,2.71383820961491,18.92823157343628,179.78876854332023,6.80153122495077,8.66902806755804
2023-07-20,2.53464114000057,20.24454727770048,165.9356074072824,7.00817779467717,8.49484973537941
2023-07-21,1.80938195449356,19.15734224804853,236.49302367992993,7.27281923574202,7.8332427103562
2023-07-22,1.910117328323,19.40611207113051,249.44021807035523,7.14579691651692,8.24171562315704
2023-07-23,2.8681204450852,21.97287281971562,204.56901823026857,7.78412117627935,8.48088376755296
2023-07-24,2.48835777755747,18.91540506862815,168.16792858483035,6.67737167832375,7.70023697107594
2023-07-25,1.71195616710162,19.82694219037896,179.23073265193693,7.40368792026187,7.99858301312734
2023-07-26,1.83191300572584,21.31009157007629,155.83906765474669,7.02561439853558,8.85198916458405
2023-07-27,2.56255229984047,19.18098530276698,244.42988065604993,7.0566594994033,9.16259863818057
2023-07-28,1.70658005900008,20.4214768512533,163.77510828901407,7.43287709535563,9.75626537574807
2023-07-29,1.90905046684275,21.7430003981071,212.65164755142536,7.40016699672168,9.60883612883644
2023-07-30,3.13231006840499,25.1466443656035,257.88662648246475,7.78863279181284,8.95219735094953
2023-07-31,3.1537842796539,19.52951436650326,288.5013603018952,6.66691257629036,8.4520206004446
2023-08-01,3.14779418892539,24.98611337613046,300.1704466022237,6.63534254419942,8.9377608442406
2023-08-02,3.08364039641908,21.94481405155677,321.5690164448642,7.44164046226736,9.27557265686132
2023-08-03,3.15682688320213,20.30771071809271,249.77055261127236,7.25190299210833,7.76743979148686
2023-08-04,3.08558736312452,21.71395029366783,226.31949943901765,6.85640886652775,8.42638505071361
2023-08-05,3.09880995472389,25.36022802699834,238.42627560825693,6.60324517968568,9.39795316553649
2023-08-06,3.1619737107677,21.94832665795009,329.00223702177266,6.61135572447536,8.36746247136868
2023-08-07,3.14744493485708,20.80126127201256,325.86680930750185,7.66244813706335,8.79243133297344
2023-08-08,3.17738351157413,22.93380598021708,295.689572260437,6.74942752213437,8.82835875554857
2023-08-09,3.14864193384505,20.18101933144735,295.0620232520384,6.92038303075018,7.91691633208202
2023-08-10,3.13524629050032,19.03104329676065,300.80440094555064,6.79465332289508,8.31865209813417
2023-08-11,3.06405121517421,19.40215805337454,246.04455343481396,6.96149519758152,8.25599551255677
2023-08-12,3.10515737045892,19.39632087270441,330.7294335109952,6.59025099556992,7.55920456128247
2023-08-13,3.08978035515226,19.56331885458606,274.2524629870488,7.17477772818075,7.55467338639446
2023-08-14,3.08659844650686,19.47179020854587,269.9766233899397,6.58789633266988,9.37963531870725
2023-08-15,3.19595158321287,22.9861232136225,285.2701246339405,7.54046346016907,8.11714003053856
2023-08-16,3.10896465870001,19.77316059079401,226.63591601300655,6.80382570648356,8.67085801169972
2023-08-17,3.18380698327657,20.91967098326704,244.95400425072955,7.20201548898586,8.17511979631063
2023-08-18,3.14467079389959,24.77751886934208,313.56403397116446,7.6441028138299,9.62593509396067
2023-08-19,3.16922169553125,21.8177314818401,231.93584015101516,7.34614057976135,8.08601067503665
2023-08-20,3.12539556396578,23.17290416964719,297.3782531359666,7.19284512251674,8.47102439678999
2023-08-21,3.13653558269395,19.70623909841141,252.44189316175851,6.92163387904999,9.4723703660952
2023-08-22,3.12387765407283,19.84602313166069,269.7154736850372,6.93290248697566,9.40276986094949
2023-08-23,3.07928644816971,18.78608031386535,259.643248412484,7.37033304175765,7.92058920433259
2023-08-24,3.15836781728923,19.68254544150515,267.6807259757939,7.79238116958752,9.31397388013831
2023-08-25,3.09211585436613,20.45013237322371,308.28550862210943,7.36039094680419,8.53550236402764
2023-08-26,3.05364739496472,19.73907338993723,260.654605874781,7.22511844258103,8.5915096509129
2023-08-27,3.14682084438608,19.12091773629939,289.9685568356277,7.44984566331102,7.80166473766003
2023-08-28,3.07656660191106,19.3444510977042,279.12604826389196,7.10476729596883,7.6821594210911
2023-08-29,3.19106878765294,21.72545137622908,188.0487607094516,6.57818504538102,9.14514283376071
2023-08-30,3.19308928655039,19.94433602884054,212.998825235852,7.23098586064128,8.62200220432298
2023-08-31,3.18722965853307,21.04988902733652,4302.930905640429,7.74491286985699,8.48728258791031
2023-09-01,3.10552380503832,22.023920895984,142.41933596612188,6.72789382506496,9.14868859675442
2023-09-02,3.05231849247933,23.33276380040556,127.96239783082206,7.39700635806686,9.23005915171991
2023-09-03,2.86415928129386,18.7751849788877,148.9150842084834,6.76121379525677,7.85913245893274
2023-09-04,2.61409207415866,24.0958727923633,181.5324034165242,7.196575989815,8.87910883781947
2023-09-05,2.88332740952183,22.89530272643636,129.88545228100378,6.62567938454074,7.80590022594757
2023-09-06,2.88180998854463,19.0723132236421,172.15479348411745,7.08548221713564,9.19810769442564
2023-09-07,2.82650472773368,24.61505036874744,177.70007064710447,7.48301232756382,8.98471865316374
2023-09-08,2.54722444603479,24.94610680372269,156.75316962761127,6.95184298151068,9.66194904364862
2023-09-09,2.59254886430096,18.92754571898404,194.23665935585308,7.36438524183338,7.65584511696551
2023-09-10,2.82556833575843,20.43814353703043,132.12683404770831,7.53408494902665,7.62894366980184
2023-09-11,2.55846100257814,24.14340895855143,131.13808926490182,7.70533116532329,8.13774278880663
2023-09-12,2.48474637334305,23.7378178326856,193.1779318393423,6.80503470641209,8.09145484524315
2023-09-13,2.67840063122918,19.79164713549464,171.07167503958885,7.0191106905521,8.05817208590272
2023-09-14,2.86807738708039,19.96544526335697,189.39822766063492,6.69814081732954,9.54813535197754
2023-09-15,2.74801489833749,21.09330471953968,165.30859716735588,7.79022855280589,8.06397441165988
2023-09-16,2.68503058504468,21.89166089633715,147.40819315771515,7.70510125830158,8.11460638105071
2023-09-17,2.44858824688538,22.82778340071207,201.81472017904895,7.20194426936473,9.2162400730646
2023-09-18,2.70750361334958,9.45130911655818,197.94450850205305,7.59464328268935,8.51641204393822
2023-09-19,2.89502692505213,10.20027772906518,190.99616473117055,7.17724537045366,9.25536585871871
2023-09-20,2.47004200761826,12.47976750507005,148.85378803684645,7.31066139440359,7.64772751609551
2023-09-21,2.65916482618187,6.79346562312478,177.07191335256329,6.61586176175082,8.60191089770185
2023-09-22,2.83868653596398,8.51949555475216,157.29252020930255,7.48185154664585,7.57596673641422
2023-09-23,3.59446117065252,12.20679668707642,131.70029696603024,6.6660275287258,7.6415962398091
2023-09-24,3.56820944459716,13.6616547014976,212.1447896689131,7.57388791932829,9.54854864455837
2023-09-25,3.57149045039227,10.59341953692533,137.99776993730134,7.5166365139715,7.81469453872576
2023-09-26,3.36569469073185,10.75690788212253,215.27254861297624,7.42136810706587,8.70327074194199
2023-09-27,3.3261551065587,7.35737609071821,166.3705484310058,6.54700849468219,8.4290760618776
2023-09-28,3.63561669328711,10.07929893458764,139.58762823966887,6.89406686272893,8.28499591734498
2023-09-29,3.63606803680751,10.76093813164018,175.48059000094403,6.8420463408841,9.53362336125324
2023-09-30,3.67024339114806,8.43976402907784,204.9298544082588,6.96817732971298,7.54932087671261
2023-10-01,3.69794433153388,8.65394584759505,191.56136420890832,6.61393557079299,9.00016469075683
2023-10-02,3.45680543931656,9.51827330483698,199.62330904683773,7.71804516994038,9.67727142132262
2023-10-03,3.45090977681232,6.66056958222181,185.58441983751817,7.21994291292609,8.76598009462376
2023-10-04,3.62897710738006,9.07663332466543,187.76627362919595,6.89718160385543,9.61721876419479
2023-10-05,3.53997835846666,8.19158405597236,202.6735868987053,7.01607597219657,7.61810280718641
2023-10-06,3.57118012635462,9.11997881742332,147.71846084162266,7.08136330265629,8.4464729011076
2023-10-07,3.62747560166166,7.45809705455401,170.49537154609837,7.2807726333688,8.08795660757424
2023-10-08,3.68400320509054,13.62421824591916,144.0148969728622,7.17038325600545,9.15165538085645
2023-10-09,3.35279709411092,11.24873962843239,218.8284607596815,7.69520956517874,9.71773142452378
2023-10-10,3.37534977158397,11.93281855315592,211.68563727022823,7.14605252777758,8.079757941124
2023-10-11,3.20638916390452,12.81336990885871,127.74554708000807,7.78980541927031,8.97843459933141
2023-10-12,3.4969680845977,10.48753759143246,190.0296413889904,7.60685244506862,7.94770065003701
2023-10-13,3.17156536427804,7.19536230469939,211.8985901544883,6.77106366866454,8.77764637533184
2023-10-14,3.42935881087948,10.79685233454838,139.15465778709668,7.70977377903709,8.54848741991564
2023-10-15,3.47558678082455,11.19472894416703,175.9547969024998,6.65127631725112,9.69673204496727
2023-10-16,3.32192475127697,12.46351579347464,207.97138827086397,7.56268462103855,8.87527163629402
2023-10-17,3.50449995634141,9.95327636983744,4422.629197013609,6.99481028151955,8.28988440091621
2023-10-18,3.16830014996343,7.52064242236451,187.2549253884498,7.64136661657859,7.75785647384673
2023-10-19,3.17240891324953,8.7702072463898,151.24815570039232,7.62847369713968,7.84181783294095
2023-10-20,3.6435603363958,9.40465837118908,211.81763856077035,7.54770302015291,8.00921626168979
2023-10-21,3.36611438484676,11.66733793065281,215.2505332907099,7.52703956719918,8.06718465462907
2023-10-22,3.22623630759113,11.0662264373513,211.7053164657762,6.89608288082745,9.42239229072097
2023-10-23,3.46334595603288,9.34877380718277,166.0503505824591,6.60519506796663,8.76836350151851
2023-10-24,3.61199613185917,14.39212199034384,202.89405184398476,7.02387423239471,8.68286345970607
2023-10-25,3.27949261649811,11.3461985548551,201.23219286083167,6.72558186948246,7.75937765042443
2023-10-26,3.5237342854914,8.39781433388796,153.31454495810928,7.4034364155732,9.44391570696972
2023-10-27,3.20120847899626,7.31425978096323,200.74697004431437,6.94992964449912,9.13356032525117
2023-10-28,3.18100903270116,7.71400279485806,52.55511452073239,7.76829326111789,7.652930497894
2023-10-29,3.46881277894089,56.05997027349329,60.9440481772308,7.33326370054893,9.09970731973928
2023-10-30,3.47438107296606,7.72495392256338,54.45013255931555,7.56922473272467,8.72839637119438
2023-10-31,3.53245794089892,7.76119383367183,50.80850328665918,6.6722820745644,7.68469928138772
2023-11-01,3.5856548002336,7.89913323617139,54.15429802443813,7.62061882695441,8.53575944985476
2023-11-02,3.73551124767752,7.74272303341266,61.4443316381721,7.69958434766741,8.59541360891391
2023-11-03,3.45978020898072,8.755471594477,56.09812445652099,7.13318049446462,7.874650460769
2023-11-04,70.0,7.6123272439263,60.87150157293142,7.28812881907627,9.63727781222064
2023-11-05,3.62711171686122,8.23431594539836,52.98034511198414,7.49425274117389,9.4209443395463
2023-11-06,3.31249935075724,8.07455555778553,55.72935506745915,6.72729021543854,9.01199048236378
2023-11-07,3.41338285242338,8.87533006367205,59.09236938563006,7.15333589940248,8.54478796786137
2023-11-08,3.19707382880536,7.65685446303527,60.86084747258445,7.01826193610401,8.43059012398099
2023-11-09,3.16521044604927,8.05699783866404,53.78128754398105,6.69028618981092,8.97120003576116
2023-11-10,3.72758904880676,8.85725860658552,62.38837064655513,6.97779474897899,8.7326760248596
2023-11-11,3.65158807230732,8.71170997625157,63.28966622354281,6.58862400220114,7.64073721929306
2023-11-12,3.56758452365622,8.64390089932899,62.23794782273457,6.53355547903433,8.65825598622095
2023-11-13,3.39537176664856,7.86106395786292,52.49439212130451,6.67571617590127,9.32247217494622
2023-11-14,3.25397659204251,7.73924262234609,52.36601172334807,7.75204964506592,8.53788212336912
2023-11-15,3.24386222560265,8.4361005078942,62.05148310851395,7.21438839666352,7.61742186527265
2023-11-16,3.30014573889876,8.80112638477862,50.31904116275581,7.75556880949919,9.27698873060792
2023-11-17,3.47953599882367,4.39734025109751,62.12052509026299,7.06224724182917,7.9550821476273
2023-11-18,3.57875755362004,4.5012888262893,57.93405701040818,6.90536097301084,8.08448308684697
2023-11-19,3.54611842603064,2.45985365562199,64.08601547769344,7.15798442169232,7.87223635875699
2023-11-20,3.31796033816757,5.88645053234356,61.98174853660498,7.07136519522278,8.24628604660958
2023-11-21,3.72291916839792,1.80930623990266,64.96901165800006,6.63736408954027,9.21025840285632
2023-11-22,3.59273815001746,2.76575465482971,55.26067723177565,7.33307420909727,8.6738120424789
2023-11-23,3.48261243150684,3.47805507031492,63.50782433396691,6.78084963726248,7.96303167958061
2023-11-24,3.51703244774061,4.05327265079118,59.02896370413863,7.30546434136718,9.48389597662361
2023-11-25,3.40176003745667,2.19686812690556,58.19813430455864,7.3452614201176,9.48785499219046
2023-11-26,3.29863859370069,1.30385777317442,62.41258194827554,6.69763230906724,9.46750724060398
2023-11-27,3.36358360719076,4.77434029709143,63.10515671279508,6.57975451524387,8.03967943772228
2023-11-28,3.60470766627862,2.52041387268179,66.76125203798942,7.51499006188897,8.51980091784903
2023-11-29,3.15863609317785,4.56866754995829,60.52410120796777,7.09774055090012,9.72607662287838
2023-11-30,3.21964358430415,1.58053900691942,58.26650173251001,6.57561293415712,9.24474819646058
2023-12-01,3.17760158521305,3.86798071298372,56.32035503415605,7.7933262123207,7.56139837196976
2023-12-02,3.17443728139138,4.2281260278611,63.06373452383338,6.57511472929528,7.64736237624871
2023-12-03,3.6632763504066,0.86276475775699,55.58165718652454,7.40354579751612,8.54848491159587
2023-12-04,3.57219471562801,2.85622994735744,51.65711169697092,7.77878260284244,9.55483766524713
2023-12-05,3.4345042974524,1.44090273857282,57.31933236461165,6.8109341354807,8.71746606337313
2023-12-06,3.2087004963906,0.94362479330937,55.30858487481123,6.68492417929336,8.6250562681575
2023-12-07,3.4449695250701,7.42972162672962,55.44462180683985,6.65780042124916,7.73837056190198
2023-12-08,3.43408306246834,2.75647691482306,55.50411626574865,6.89425769183787,8.9843230366769
2023-12-09,3.25392112194601,6.16912112098244,49.63139784454543,6.63135955431384,9.35795314295651
2023-12-10,3.41031098954278,2.28248458334635,50.26810902100121,7.39980974420237,8.35974921696709
2023-12-11,3.38910284063842,5.2705190555675,65.81583584604047,6.58097933756908,9.25288278309124
2023-12-12,3.51951005883133,5.8215950192278,55.41659700603793,7.16224876659473,9.67971723781583
2023-12-13,3.53105619052059,4.66947118425491,57.76489970739523,7.79570591000887,7.96051219762858
2023-12-14,3.17718240586323,3.80103331985111,59.19470924039605,7.55816135035782,8.68272496650012
2023-12-15,3.37476756877588,3.38288639903088,56.27380831797596,7.29978526970031,8.14893178527114
2023-12-16,3.52551594942854,2.94207786580097,65.24941775925338,6.8981297070226,9.29185098701648
2023-12-17,3.45188175514805,7.00670400973478,63.79517521623328,7.31106458717913,8.80536100689142
2023-12-18,3.66389390471299,6.3143358545141,51.34116503468389,7.18515390308515,8.93415626366369
2023-12-19,3.54521617897137,7.25518837466559,58.26371163677392,7.05390839905748,9.30328600073192
2023-12-20,3.24776065624886,1.37008056439881,63.18677461343248,6.66992348976226,8.39489326821715
2023-12-21,3.19234124844026,5.61607232642551,66.17098033437115,7.65258547981261,9.56810355459992
2023-12-22,3.53545156692379,7.06838319774726,56.01102266874804,7.08472004346772,8.70464523997628
2023-12-23,3.16590678632497,1.76863146315962,58.20117083816062,6.753009265367,7.85697789960789
2023-12-24,3.50146534876408,0.96547387156744,51.50550919138113,6.97808715614048,9.07273200706149
2023-12-25,3.71413814485497,5.68784454503041,67.86752939205465,7.0383686782876,9.29277065199046
2023-12-26,3.49528450672553,4.52131179225938,53.47507552075165,7.57579926423694,8.21588139017261
2023-12-27,3.63585947417228,6.3928014373079,63.14097661202689,7.45369869472982,9.43722512081718
2023-12-28,3.72515087645482,1.47840663638403,62.74469973488553,7.50009636173374,9.54788375577063
2023-12-29,3.66038851167203,6.06687118301923,59.11605192318288,6.51434064375724,8.12580414147385
2023-12-30,3.69096587626058,1.91139124033421,4741.896326958715,7.04100019763369,9.7227585283364
2023-12-31,3.82951268307178,1.64559160005993,56.46004717576638,7.12574739712592,7.81800805339019
